model,feature,gain
win_model,Diff_MasseyMedianRank,138.6598663330078
win_model,Diff_MasseyMeanRank,115.2945556640625
win_model,Diff_MasseyWorstRank,29.958337783813477
win_model,Diff_MasseyStdRank,29.47649574279785
win_model,Diff_SeedNum,20.301820755004883
win_model,Diff_MasseyBestRank,20.1693115234375
win_model,Diff_NetRatingMean,14.83542251586914
win_model,Diff_EloPeak,13.731850624084473
win_model,Diff_EloEnd,13.714150428771973
win_model,Avg_NetRatingMean,13.216011047363281
win_model,Diff_SOSOppNetRating,11.342048645019531
win_model,Avg_MasseyMeanRank,10.507875442504883
win_model,Diff_Games,9.544220924377441
win_model,Avg_Games,9.432001113891602
win_model,Diff_FTRateMean,9.275184631347656
win_model,Diff_Wins,9.110156059265137
win_model,Avg_MasseyWorstRank,8.920735359191895
win_model,Avg_NeutralGamePct,8.906926155090332
win_model,Diff_NumOTMean,8.597810745239258
win_model,Avg_HomeWinPct,8.533254623413086
win_model,Avg_eFGMean,8.398904800415039
win_model,Avg_Last5DefRating,8.332274436950684
win_model,A_SeedNum,8.293566703796387
win_model,Avg_MarginMean,8.109599113464355
win_model,Avg_StlMean,7.9142165184021
win_model,Diff_WinPct,7.88748025894165
win_model,Avg_MasseyStdRank,7.865602970123291
win_model,Avg_OffRatingMean,7.839847564697266
win_model,Diff_SOSOppWinPct,7.804975986480713
win_model,Avg_Last5OppScore,7.775675296783447
win_model,Avg_FTPctMean,7.764860153198242
win_model,Avg_SOSOppWinPct,7.63381814956665
win_model,Diff_Last10Score,7.492633819580078
win_model,Avg_TOMean,7.469866752624512
win_model,Avg_PaceMean,7.447919845581055
win_model,Avg_PFMean,7.438681125640869
win_model,Avg_Wins,7.428793430328369
win_model,Avg_Last5Margin,7.424402236938477
win_model,Diff_OppFG3PctMean,7.399783134460449
win_model,Diff_Last10Margin,7.338627338409424
win_model,Avg_Last10OppScore,7.333636283874512
win_model,Diff_PFMean,7.218247890472412
win_model,Avg_Last10NetRating,7.1829938888549805
win_model,Diff_OppeFGMean,7.1754069328308105
win_model,Avg_Last10Margin,7.171815395355225
win_model,Avg_Last10DefRating,7.137819290161133
win_model,Diff_FG3PctMean,7.106382369995117
win_model,Diff_ORBRateMean,7.072896957397461
win_model,Avg_MasseyBestRank,7.048359394073486
win_model,Diff_eFGMean,7.029538154602051
win_model,B_SeedNum,6.95269250869751
win_model,Diff_Last5OffRating,6.879575252532959
win_model,Diff_TSMean,6.706942558288574
win_model,Avg_Last10WinPct,6.689563751220703
win_model,Avg_AwayWinPct,6.681755542755127
win_model,Diff_TOMean,6.671637058258057
win_model,Avg_EloPeak,6.657303333282471
win_model,Diff_TRBRateMean,6.649787902832031
win_model,Avg_OppFG3PctMean,6.5171074867248535
win_model,Diff_PaceMean,6.43411922454834
win_model,Diff_ASTTOVMean,6.41420316696167
win_model,Avg_AstMean,6.403283596038818
win_model,Diff_MarginMean,6.3863525390625
win_model,Avg_OppeFGMean,6.367992401123047
win_model,Avg_ScoreMean,6.365597724914551
win_model,Diff_AwayWinPct,6.314648628234863
win_model,Diff_FTPctMean,6.311326026916504
win_model,Diff_ScoreMean,6.276255130767822
win_model,Avg_Last10OffRating,6.238654613494873
win_model,Diff_ThreeRateMean,6.234992980957031
win_model,Avg_TSMean,6.144304275512695
win_model,Avg_EloEnd,6.064884185791016
win_model,Diff_Last10OffRating,6.06346321105957
win_model,Diff_Last5NetRating,5.967602252960205
win_model,Diff_NeutralGamePct,5.921535491943359
win_model,Avg_ThreeRateMean,5.881358623504639
win_model,Avg_Last5Score,5.819124698638916
win_model,Diff_AstMean,5.813365459442139
win_model,Diff_Last5Margin,5.7910332679748535
win_model,Diff_Last10OppScore,5.744316101074219
win_model,Avg_Last5OffRating,5.7425007820129395
win_model,Avg_MasseyMedianRank,5.648891448974609
win_model,Diff_Last10NetRating,5.647130966186523
win_model,Diff_StlMean,5.639721870422363
win_model,Avg_FG3PctMean,5.617038726806641
win_model,Diff_Last5OppScore,5.601149082183838
win_model,Diff_OppScoreMean,5.444635391235352
win_model,Avg_Last10Score,5.421480178833008
win_model,Avg_MasseySystems,5.41425895690918
win_model,Diff_TOVRateMean,5.383721828460693
win_model,Avg_OppScoreMean,5.314167499542236
win_model,Diff_Last5WinPct,5.308668613433838
win_model,Diff_NeutralWinPct,5.204762935638428
win_model,Diff_Last10DefRating,5.199920177459717
win_model,Diff_OffRatingMean,5.185873031616211
win_model,Diff_DefRatingMean,5.110606670379639
win_model,Avg_TRBRateMean,5.095484256744385
win_model,Avg_TOVRateMean,5.086263179779053
win_model,Avg_Last5NetRating,4.850577354431152
win_model,Avg_ASTTOVMean,4.837801933288574
win_model,Diff_MarginStd,4.684417724609375
win_model,Avg_Losses,4.5811004638671875
win_model,Diff_HomeWinPct,4.542757511138916
win_model,Avg_DefRatingMean,4.535788059234619
win_model,Avg_NumOTMean,4.5064496994018555
win_model,Avg_WinPct,4.488491058349609
win_model,Avg_ORBRateMean,4.472291469573975
win_model,Avg_MarginStd,4.38078498840332
win_model,Diff_DRBRateMean,4.284229755401611
win_model,Diff_BlkMean,4.234591484069824
win_model,Avg_NeutralWinPct,4.2118377685546875
win_model,Avg_SOSOppNetRating,4.12105655670166
win_model,Avg_FTRateMean,3.9316139221191406
win_model,Diff_Last5DefRating,3.888883352279663
win_model,Avg_DRBRateMean,3.8742315769195557
win_model,Diff_Last10WinPct,3.664022922515869
win_model,Avg_Last5WinPct,3.2025718688964844
win_model,Diff_Losses,2.957594871520996
win_model,Avg_BlkMean,2.372694253921509
win_model,Diff_Last5Score,1.002960205078125
margin_q10,Diff_MasseyWorstRank,8.739340782165527
margin_q10,Diff_MasseyMedianRank,6.1604390144348145
margin_q10,Diff_MasseyMeanRank,5.656986713409424
margin_q10,Diff_MasseyStdRank,2.0663037300109863
margin_q10,Avg_Last10WinPct,1.9687117338180542
margin_q10,Avg_MasseyMeanRank,1.8725330829620361
margin_q10,Avg_PaceMean,1.8405003547668457
margin_q10,Avg_MasseyBestRank,1.7376399040222168
margin_q10,Avg_MasseySystems,1.735146403312683
margin_q10,Avg_NetRatingMean,1.6632945537567139
margin_q10,Avg_MarginMean,1.6568344831466675
margin_q10,Avg_NeutralWinPct,1.64633309841156
margin_q10,Diff_NeutralGamePct,1.6329126358032227
margin_q10,Diff_EloPeak,1.569318413734436
margin_q10,Avg_ScoreMean,1.4508569240570068
margin_q10,Avg_TSMean,1.4437657594680786
margin_q10,Avg_StlMean,1.4319933652877808
margin_q10,Avg_Last5NetRating,1.3949755430221558
margin_q10,Diff_MarginMean,1.390803575515747
margin_q10,Avg_SOSOppNetRating,1.3871878385543823
margin_q10,Avg_Last10OffRating,1.359452247619629
margin_q10,Diff_OppeFGMean,1.350609540939331
margin_q10,Avg_EloEnd,1.3497943878173828
margin_q10,Avg_OppeFGMean,1.340732455253601
margin_q10,Diff_NetRatingMean,1.3389946222305298
margin_q10,Diff_NeutralWinPct,1.3274922370910645
margin_q10,Diff_Last10OppScore,1.3165463209152222
margin_q10,Avg_eFGMean,1.312391757965088
margin_q10,Diff_AwayWinPct,1.3089650869369507
margin_q10,Diff_Last10Margin,1.3085888624191284
margin_q10,Avg_MarginStd,1.3035520315170288
margin_q10,Diff_FG3PctMean,1.2862874269485474
margin_q10,Diff_MasseyBestRank,1.2861695289611816
margin_q10,Avg_AstMean,1.2711946964263916
margin_q10,Diff_EloEnd,1.2664752006530762
margin_q10,Diff_SOSOppNetRating,1.2385104894638062
margin_q10,Avg_BlkMean,1.2356655597686768
margin_q10,Avg_OppScoreMean,1.2304298877716064
margin_q10,Diff_Last5OppScore,1.2300301790237427
margin_q10,Diff_FTRateMean,1.2212066650390625
margin_q10,Avg_WinPct,1.2063775062561035
margin_q10,Diff_Last10Score,1.1931076049804688
margin_q10,Avg_PFMean,1.1875990629196167
margin_q10,Avg_Last10OppScore,1.1776511669158936
margin_q10,Avg_DefRatingMean,1.169541358947754
margin_q10,Avg_MasseyStdRank,1.168202519416809
margin_q10,Avg_TOMean,1.1654795408248901
margin_q10,Avg_ThreeRateMean,1.157723069190979
margin_q10,Diff_ORBRateMean,1.148044228553772
margin_q10,Diff_FTPctMean,1.1466108560562134
margin_q10,Diff_Last5NetRating,1.128544807434082
margin_q10,Avg_Last5Score,1.1204911470413208
margin_q10,Avg_HomeWinPct,1.1168899536132812
margin_q10,Avg_Last10Score,1.1115237474441528
margin_q10,Avg_Wins,1.1114057302474976
margin_q10,Avg_NeutralGamePct,1.1073191165924072
margin_q10,Avg_Games,1.0933011770248413
margin_q10,Avg_ORBRateMean,1.0890631675720215
margin_q10,Diff_TRBRateMean,1.0816805362701416
margin_q10,Diff_Last5Margin,1.0741651058197021
margin_q10,Diff_SeedNum,1.0565438270568848
margin_q10,B_SeedNum,1.0561821460723877
margin_q10,Avg_FTPctMean,1.0517977476119995
margin_q10,Avg_Last5OppScore,1.0455739498138428
margin_q10,Diff_DefRatingMean,1.0422134399414062
margin_q10,Avg_FTRateMean,1.0288991928100586
margin_q10,Avg_TOVRateMean,1.018295407295227
margin_q10,Avg_Last5OffRating,1.0103408098220825
margin_q10,Avg_DRBRateMean,1.0009829998016357
margin_q10,Diff_OppFG3PctMean,0.9986339807510376
margin_q10,Diff_SOSOppWinPct,0.967344343662262
margin_q10,Avg_Last5DefRating,0.9651420712471008
margin_q10,Diff_Last10NetRating,0.9565467834472656
margin_q10,Avg_OffRatingMean,0.9535233974456787
margin_q10,Diff_TOVRateMean,0.9518208503723145
margin_q10,Avg_SOSOppWinPct,0.9505136609077454
margin_q10,Diff_Last5WinPct,0.9406698346138
margin_q10,Diff_WinPct,0.9180769920349121
margin_q10,Diff_HomeWinPct,0.9084283709526062
margin_q10,Avg_FG3PctMean,0.9062111377716064
margin_q10,Avg_MasseyWorstRank,0.9013557434082031
margin_q10,Diff_PaceMean,0.8975299000740051
margin_q10,Diff_Last10OffRating,0.8930144906044006
margin_q10,Diff_Last10DefRating,0.8839855790138245
margin_q10,Diff_eFGMean,0.8837491869926453
margin_q10,Avg_EloPeak,0.8825879096984863
margin_q10,Diff_Last5Score,0.8775674700737
margin_q10,Diff_NumOTMean,0.8630673289299011
margin_q10,Diff_BlkMean,0.8534043431282043
margin_q10,Diff_DRBRateMean,0.8476284742355347
margin_q10,Diff_OffRatingMean,0.8454243540763855
margin_q10,Diff_TOMean,0.8425241112709045
margin_q10,Diff_Games,0.8357534408569336
margin_q10,Avg_AwayWinPct,0.8292413949966431
margin_q10,Avg_Last10Margin,0.8220649361610413
margin_q10,Diff_ASTTOVMean,0.8214909434318542
margin_q10,Diff_StlMean,0.8117494583129883
margin_q10,Avg_NumOTMean,0.81120365858078
margin_q10,Avg_Last10DefRating,0.7977964282035828
margin_q10,Avg_Last5Margin,0.7926618456840515
margin_q10,Avg_IsPlayInSeed,0.7875800132751465
margin_q10,Diff_Last5DefRating,0.786229133605957
margin_q10,Avg_TRBRateMean,0.778053343296051
margin_q10,B_IsPlayInSeed,0.7736098170280457
margin_q10,Diff_PFMean,0.7542139887809753
margin_q10,A_SeedNum,0.7528584003448486
margin_q10,Diff_Wins,0.7437682151794434
margin_q10,Diff_OppScoreMean,0.7269647717475891
margin_q10,Avg_OppFG3PctMean,0.7190048694610596
margin_q10,Diff_AstMean,0.6978005170822144
margin_q10,Diff_MarginStd,0.6808236241340637
margin_q10,Avg_Last5WinPct,0.6443444490432739
margin_q10,Diff_SeedRegionCode,0.6246808171272278
margin_q10,Avg_Last10NetRating,0.6135972142219543
margin_q10,Avg_Losses,0.5584989190101624
margin_q10,Diff_ThreeRateMean,0.5424631834030151
margin_q10,Diff_ScoreMean,0.4873577058315277
margin_q10,Diff_IsPlayInSeed,0.3090522289276123
margin_q25,Diff_MasseyWorstRank,23.07071304321289
margin_q25,Diff_MasseyMeanRank,12.658963203430176
margin_q25,Diff_MasseyMedianRank,9.763285636901855
margin_q25,Diff_MasseyStdRank,5.885842800140381
margin_q25,Diff_EloPeak,5.340568542480469
margin_q25,Diff_SeedNum,4.325945854187012
margin_q25,Diff_MasseyBestRank,4.2016072273254395
margin_q25,Diff_EloEnd,3.838939666748047
margin_q25,Avg_MasseyWorstRank,2.6771678924560547
margin_q25,Diff_NetRatingMean,2.5515143871307373
margin_q25,Diff_Last10Margin,2.4999499320983887
margin_q25,Diff_Last5NetRating,2.419536828994751
margin_q25,Avg_EloPeak,2.397294521331787
margin_q25,Avg_NeutralWinPct,2.3928747177124023
margin_q25,Avg_ScoreMean,2.3847758769989014
margin_q25,Avg_Games,2.382850170135498
margin_q25,Diff_TRBRateMean,2.359065055847168
margin_q25,B_SeedNum,2.3438382148742676
margin_q25,Avg_DefRatingMean,2.32846999168396
margin_q25,Avg_EloEnd,2.292206287384033
margin_q25,Avg_AstMean,2.2814977169036865
margin_q25,Avg_MasseySystems,2.2090959548950195
margin_q25,Diff_MarginMean,2.1955580711364746
margin_q25,Diff_ASTTOVMean,2.1932995319366455
margin_q25,Diff_Games,2.1736197471618652
margin_q25,Avg_BlkMean,2.1545796394348145
margin_q25,Diff_SOSOppWinPct,2.119621992111206
margin_q25,Avg_MarginMean,2.1089348793029785
margin_q25,Avg_ThreeRateMean,2.0775673389434814
margin_q25,Diff_Last5Score,2.059521198272705
margin_q25,Avg_PFMean,2.049893617630005
margin_q25,Avg_NetRatingMean,2.0096988677978516
margin_q25,Diff_Last10OffRating,2.0090668201446533
margin_q25,Avg_Last10OppScore,2.006990909576416
margin_q25,Avg_eFGMean,1.983370304107666
margin_q25,Diff_DRBRateMean,1.98021399974823
margin_q25,Avg_TRBRateMean,1.9728978872299194
margin_q25,Diff_ORBRateMean,1.9634125232696533
margin_q25,Avg_OppFG3PctMean,1.9448673725128174
margin_q25,Avg_SOSOppNetRating,1.9425106048583984
margin_q25,Diff_HomeWinPct,1.9219536781311035
margin_q25,Diff_SOSOppNetRating,1.9170005321502686
margin_q25,Avg_Wins,1.9149020910263062
margin_q25,Avg_SOSOppWinPct,1.9079818725585938
margin_q25,Avg_HomeWinPct,1.9055073261260986
margin_q25,Avg_MasseyMedianRank,1.9045265913009644
margin_q25,Diff_DefRatingMean,1.9014939069747925
margin_q25,Avg_StlMean,1.8751599788665771
margin_q25,Diff_AwayWinPct,1.8695220947265625
margin_q25,Avg_Last10Margin,1.867727279663086
margin_q25,Avg_Last10DefRating,1.8663582801818848
margin_q25,Diff_FTRateMean,1.8558191061019897
margin_q25,Diff_Last5Margin,1.8461050987243652
margin_q25,Diff_OppFG3PctMean,1.8383979797363281
margin_q25,Diff_NeutralGamePct,1.8291410207748413
margin_q25,Diff_PFMean,1.8137627840042114
margin_q25,Diff_TOMean,1.8118642568588257
margin_q25,Avg_MasseyMeanRank,1.8097479343414307
margin_q25,Avg_OppeFGMean,1.8073301315307617
margin_q25,Avg_DRBRateMean,1.80164635181427
margin_q25,Avg_Last5Score,1.8004350662231445
margin_q25,Avg_TSMean,1.7987642288208008
margin_q25,Avg_Last5OffRating,1.7878813743591309
margin_q25,Diff_WinPct,1.7818984985351562
margin_q25,Avg_MasseyBestRank,1.7723467350006104
margin_q25,Avg_Last5DefRating,1.7721147537231445
margin_q25,Diff_Last5OffRating,1.7521182298660278
margin_q25,Diff_NumOTMean,1.750585913658142
margin_q25,Diff_Last5OppScore,1.7502944469451904
margin_q25,Avg_FTRateMean,1.7356340885162354
margin_q25,Avg_PaceMean,1.7103378772735596
margin_q25,Diff_TSMean,1.6973214149475098
margin_q25,Avg_Last10WinPct,1.6967695951461792
margin_q25,Avg_OffRatingMean,1.6655364036560059
margin_q25,Avg_NeutralGamePct,1.6601155996322632
margin_q25,Avg_ORBRateMean,1.656603217124939
margin_q25,Diff_TOVRateMean,1.6295218467712402
margin_q25,Avg_NumOTMean,1.6235902309417725
margin_q25,Avg_Last5OppScore,1.6221160888671875
margin_q25,Diff_OppScoreMean,1.5944914817810059
margin_q25,Diff_MasseySystems,1.5857174396514893
margin_q25,Avg_OppScoreMean,1.581015944480896
margin_q25,Diff_Last10OppScore,1.5783623456954956
margin_q25,Avg_FG3PctMean,1.5776171684265137
margin_q25,Avg_FTPctMean,1.5672271251678467
margin_q25,Avg_ASTTOVMean,1.5604673624038696
margin_q25,Diff_ThreeRateMean,1.558814287185669
margin_q25,A_SeedNum,1.5530004501342773
margin_q25,Diff_OppeFGMean,1.523582100868225
margin_q25,Avg_WinPct,1.511382818222046
margin_q25,Avg_Losses,1.5080000162124634
margin_q25,Diff_Last10Score,1.5041141510009766
margin_q25,Diff_OffRatingMean,1.4967139959335327
margin_q25,Avg_TOMean,1.4894598722457886
margin_q25,Diff_eFGMean,1.489352822303772
margin_q25,Avg_Last5Margin,1.4799792766571045
margin_q25,Diff_NeutralWinPct,1.4783004522323608
margin_q25,Avg_MasseyStdRank,1.4645923376083374
margin_q25,Diff_AstMean,1.4413022994995117
margin_q25,Diff_BlkMean,1.4279885292053223
margin_q25,Diff_FG3PctMean,1.4042084217071533
margin_q25,Diff_Last5DefRating,1.3889873027801514
margin_q25,Diff_StlMean,1.3544018268585205
margin_q25,Avg_MarginStd,1.3528193235397339
margin_q25,Diff_PaceMean,1.3515716791152954
margin_q25,Avg_Last10Score,1.2858076095581055
margin_q25,Diff_FTPctMean,1.2827517986297607
margin_q25,Diff_Wins,1.258379340171814
margin_q25,Avg_Last5WinPct,1.2218272686004639
margin_q25,Diff_MarginStd,1.197519063949585
margin_q25,Avg_Last10NetRating,1.1798094511032104
margin_q25,Avg_TOVRateMean,1.0938392877578735
margin_q25,Avg_AwayWinPct,1.0734964609146118
margin_q25,Diff_ScoreMean,1.0619851350784302
margin_q25,Diff_Last10DefRating,1.0380029678344727
margin_q25,Diff_Last5WinPct,1.0325539112091064
margin_q25,Avg_Last5NetRating,0.9987971186637878
margin_q25,Diff_Last10WinPct,0.6974070072174072
margin_q25,Avg_Last10OffRating,0.6183469295501709
margin_q50,Diff_MasseyMeanRank,29.52934455871582
margin_q50,Diff_MasseyMedianRank,22.623092651367188
margin_q50,Diff_MasseyBestRank,11.276463508605957
margin_q50,Diff_SeedNum,10.831903457641602
margin_q50,Diff_MasseyWorstRank,9.863499641418457
margin_q50,Diff_MasseyStdRank,6.712469100952148
margin_q50,Diff_EloPeak,4.033538341522217
margin_q50,A_SeedNum,3.9394240379333496
margin_q50,Diff_EloEnd,3.8742992877960205
margin_q50,Diff_Losses,3.829770088195801
margin_q50,Avg_NumOTMean,3.736764430999756
margin_q50,Diff_SOSOppNetRating,3.5871620178222656
margin_q50,Avg_Last5NetRating,3.516984701156616
margin_q50,Avg_MasseyMedianRank,3.512904405593872
margin_q50,Avg_MasseyMeanRank,3.4985780715942383
margin_q50,Avg_NetRatingMean,3.253509044647217
margin_q50,Diff_FTRateMean,3.0732429027557373
margin_q50,Avg_EloEnd,3.068885087966919
margin_q50,Diff_OffRatingMean,3.0246498584747314
margin_q50,Avg_TSMean,2.9594151973724365
margin_q50,Avg_eFGMean,2.9527406692504883
margin_q50,Diff_PFMean,2.94429087638855
margin_q50,Diff_MasseySystems,2.845850944519043
margin_q50,Diff_ORBRateMean,2.807732582092285
margin_q50,Avg_HomeWinPct,2.7755253314971924
margin_q50,Diff_Games,2.7684237957000732
margin_q50,Avg_ScoreMean,2.718126058578491
margin_q50,Diff_Last5WinPct,2.69132137298584
margin_q50,Diff_NetRatingMean,2.6797828674316406
margin_q50,Diff_PaceMean,2.6622588634490967
margin_q50,Avg_MasseySystems,2.652703285217285
margin_q50,Diff_SOSOppWinPct,2.645590305328369
margin_q50,Avg_Last5Score,2.619736671447754
margin_q50,Diff_Last10DefRating,2.619332790374756
margin_q50,Avg_OppScoreMean,2.5916078090667725
margin_q50,Avg_ThreeRateMean,2.5758767127990723
margin_q50,Diff_TSMean,2.566070079803467
margin_q50,Avg_SOSOppNetRating,2.5350403785705566
margin_q50,Diff_NumOTMean,2.53057861328125
margin_q50,Avg_BlkMean,2.5291943550109863
margin_q50,Avg_Last5OppScore,2.511470317840576
margin_q50,Diff_StlMean,2.480889081954956
margin_q50,Diff_TOVRateMean,2.471290111541748
margin_q50,Avg_NeutralWinPct,2.447627067565918
margin_q50,Avg_DefRatingMean,2.4473073482513428
margin_q50,Diff_Last5OffRating,2.4356119632720947
margin_q50,Diff_Last5OppScore,2.4151830673217773
margin_q50,Avg_Last5DefRating,2.405506134033203
margin_q50,Diff_Last10NetRating,2.404695749282837
margin_q50,Avg_StlMean,2.390089988708496
margin_q50,Diff_OppFG3PctMean,2.3876566886901855
margin_q50,Avg_Last5Margin,2.384706974029541
margin_q50,Diff_OppeFGMean,2.3647220134735107
margin_q50,Avg_Last10DefRating,2.363251209259033
margin_q50,Avg_Last5OffRating,2.3413801193237305
margin_q50,Diff_NeutralGamePct,2.3267080783843994
margin_q50,Avg_PFMean,2.3266441822052
margin_q50,Avg_TOVRateMean,2.3121395111083984
margin_q50,Avg_FG3PctMean,2.3103647232055664
margin_q50,Diff_TOMean,2.2964015007019043
margin_q50,Diff_ASTTOVMean,2.258751630783081
margin_q50,Diff_AstMean,2.2544734477996826
margin_q50,B_SeedNum,2.2483718395233154
margin_q50,Avg_PaceMean,2.232691526412964
margin_q50,Diff_MarginMean,2.22414493560791
margin_q50,Avg_MarginMean,2.2111384868621826
margin_q50,Avg_ORBRateMean,2.208252191543579
margin_q50,Diff_Last10OppScore,2.186203956604004
margin_q50,Avg_SOSOppWinPct,2.180050849914551
margin_q50,Avg_ASTTOVMean,2.1730477809906006
margin_q50,Diff_WinPct,2.167985677719116
margin_q50,Avg_Last10NetRating,2.147406578063965
margin_q50,Avg_NeutralGamePct,2.1458778381347656
margin_q50,Avg_AstMean,2.108158588409424
margin_q50,Diff_HomeWinPct,2.091113805770874
margin_q50,Avg_Last10Margin,2.0606260299682617
margin_q50,Avg_AwayWinPct,2.053035020828247
margin_q50,Avg_MarginStd,2.044485330581665
margin_q50,Diff_AwayWinPct,2.0261993408203125
margin_q50,Avg_FTRateMean,2.025871515274048
margin_q50,Avg_EloPeak,2.012054920196533
margin_q50,Avg_MasseyWorstRank,2.0118398666381836
margin_q50,Diff_FTPctMean,1.979414939880371
margin_q50,Avg_OppFG3PctMean,1.9784828424453735
margin_q50,Diff_Last10OffRating,1.9740079641342163
margin_q50,Avg_OffRatingMean,1.9728864431381226
margin_q50,Diff_Last5DefRating,1.953235149383545
margin_q50,Diff_DefRatingMean,1.9498891830444336
margin_q50,Diff_eFGMean,1.946608304977417
margin_q50,Diff_Last10Score,1.9338945150375366
margin_q50,Diff_Last5Score,1.9033136367797852
margin_q50,Diff_BlkMean,1.9016863107681274
margin_q50,Avg_Last10Score,1.8850778341293335
margin_q50,Diff_DRBRateMean,1.884638786315918
margin_q50,Avg_Losses,1.8730072975158691
margin_q50,Avg_Last10OppScore,1.8666486740112305
margin_q50,Diff_TRBRateMean,1.8420658111572266
margin_q50,Avg_FTPctMean,1.8385566473007202
margin_q50,Diff_ScoreMean,1.8263838291168213
margin_q50,Avg_TRBRateMean,1.8031911849975586
margin_q50,Diff_OppScoreMean,1.7200396060943604
margin_q50,Avg_Wins,1.7157795429229736
margin_q50,Diff_Last5Margin,1.7056115865707397
margin_q50,Avg_WinPct,1.7022550106048584
margin_q50,Avg_OppeFGMean,1.6835623979568481
margin_q50,Diff_Last5NetRating,1.6835403442382812
margin_q50,Avg_Last10WinPct,1.6411714553833008
margin_q50,Diff_FG3PctMean,1.6124238967895508
margin_q50,Avg_MasseyStdRank,1.59794282913208
margin_q50,Avg_DRBRateMean,1.5703794956207275
margin_q50,Diff_ThreeRateMean,1.535652995109558
margin_q50,Diff_MarginStd,1.5149632692337036
margin_q50,Avg_IsPlayInSeed,1.5119199752807617
margin_q50,Diff_NeutralWinPct,1.4717930555343628
margin_q50,Avg_MasseyBestRank,1.4455206394195557
margin_q50,Avg_SeedNum,1.2170844078063965
margin_q50,Diff_Wins,0.2561159133911133
margin_q75,Diff_MasseyWorstRank,16.407602310180664
margin_q75,Diff_MasseyMeanRank,16.275531768798828
margin_q75,Diff_EloPeak,8.628857612609863
margin_q75,Diff_SeedNum,7.013974189758301
margin_q75,Diff_MasseyStdRank,6.66903829574585
margin_q75,Diff_MasseyBestRank,5.697183132171631
margin_q75,Diff_MasseyMedianRank,5.459282398223877
margin_q75,Diff_EloEnd,4.8982720375061035
margin_q75,Avg_MasseyMeanRank,4.1439337730407715
margin_q75,Avg_EloEnd,3.06245756149292
margin_q75,Diff_NetRatingMean,2.916635513305664
margin_q75,Avg_NetRatingMean,2.8458290100097656
margin_q75,Avg_SOSOppNetRating,2.720414876937866
margin_q75,A_SeedNum,2.7013943195343018
margin_q75,Diff_Last10OffRating,2.652096748352051
margin_q75,Avg_Last10NetRating,2.6037299633026123
margin_q75,B_SeedNum,2.5850772857666016
margin_q75,Avg_Last5OppScore,2.5288822650909424
margin_q75,Avg_Last10Margin,2.5285022258758545
margin_q75,Avg_ScoreMean,2.5257728099823
margin_q75,Avg_MasseyMedianRank,2.5129525661468506
margin_q75,Diff_TOVRateMean,2.443340301513672
margin_q75,Diff_TOMean,2.4232139587402344
margin_q75,Diff_SOSOppNetRating,2.3808043003082275
margin_q75,Avg_MasseySystems,2.3760898113250732
margin_q75,Avg_AstMean,2.3752567768096924
margin_q75,Avg_SeedNum,2.3726255893707275
margin_q75,Diff_Last5NetRating,2.3535592555999756
margin_q75,Diff_MasseySystems,2.337937355041504
margin_q75,Diff_Games,2.3332149982452393
margin_q75,Diff_Last10Score,2.270305633544922
margin_q75,Avg_Last5NetRating,2.228774070739746
margin_q75,Diff_NeutralGamePct,2.2261154651641846
margin_q75,Avg_SOSOppWinPct,2.1790988445281982
margin_q75,Avg_TOVRateMean,2.1571948528289795
margin_q75,Avg_TSMean,2.1329808235168457
margin_q75,Diff_AwayWinPct,2.126748561859131
margin_q75,Diff_Last5OffRating,2.107790470123291
margin_q75,Diff_Last5OppScore,2.0947906970977783
margin_q75,Avg_HomeWinPct,2.088531494140625
margin_q75,Avg_ThreeRateMean,2.0883662700653076
margin_q75,Avg_Last10DefRating,2.0552120208740234
margin_q75,Diff_Wins,2.046414375305176
margin_q75,Diff_SOSOppWinPct,2.035268783569336
margin_q75,Avg_Last10OppScore,1.9981510639190674
margin_q75,Avg_NeutralWinPct,1.9716885089874268
margin_q75,Diff_OppFG3PctMean,1.9532610177993774
margin_q75,Avg_MasseyWorstRank,1.9442123174667358
margin_q75,Avg_PaceMean,1.936673879623413
margin_q75,Avg_Last5OffRating,1.9033317565917969
margin_q75,Diff_FG3PctMean,1.8950952291488647
margin_q75,Avg_Last5DefRating,1.8869996070861816
margin_q75,Avg_Last10Score,1.868610143661499
margin_q75,Avg_MasseyStdRank,1.842299461364746
margin_q75,Avg_MarginMean,1.8377532958984375
margin_q75,Avg_FTPctMean,1.8333642482757568
margin_q75,Avg_eFGMean,1.831678867340088
margin_q75,Avg_OppeFGMean,1.8108340501785278
margin_q75,Diff_ORBRateMean,1.7942606210708618
margin_q75,Diff_FTRateMean,1.7789255380630493
margin_q75,Diff_PFMean,1.7701330184936523
margin_q75,Avg_ORBRateMean,1.7663778066635132
margin_q75,Avg_Last5WinPct,1.7554264068603516
margin_q75,Avg_OppFG3PctMean,1.7508381605148315
margin_q75,Diff_TSMean,1.7496763467788696
margin_q75,Avg_FTRateMean,1.744861364364624
margin_q75,Diff_PaceMean,1.7355960607528687
margin_q75,Avg_EloPeak,1.7351999282836914
margin_q75,Avg_OppScoreMean,1.7214785814285278
margin_q75,Diff_AstMean,1.7114365100860596
margin_q75,Avg_PFMean,1.7103971242904663
margin_q75,Diff_DRBRateMean,1.7085939645767212
margin_q75,Diff_WinPct,1.6954584121704102
margin_q75,Avg_NeutralGamePct,1.6850929260253906
margin_q75,Diff_Losses,1.6811939477920532
margin_q75,Diff_NeutralWinPct,1.6778182983398438
margin_q75,Diff_TRBRateMean,1.6641781330108643
margin_q75,Avg_Losses,1.6621387004852295
margin_q75,Diff_OppeFGMean,1.6614233255386353
margin_q75,Avg_Last5Score,1.6572281122207642
margin_q75,Diff_Last5Margin,1.648616075515747
margin_q75,Diff_Last5DefRating,1.6379377841949463
margin_q75,Diff_MarginStd,1.6181707382202148
margin_q75,Diff_Last10OppScore,1.6124521493911743
margin_q75,Avg_TOMean,1.6022506952285767
margin_q75,Avg_BlkMean,1.5978703498840332
margin_q75,Diff_ASTTOVMean,1.5813957452774048
margin_q75,Diff_MarginMean,1.5791735649108887
margin_q75,Diff_OppScoreMean,1.5760695934295654
margin_q75,Avg_TRBRateMean,1.5752198696136475
margin_q75,Diff_Last5Score,1.5633922815322876
margin_q75,Avg_AwayWinPct,1.5621322393417358
margin_q75,Avg_StlMean,1.561652421951294
margin_q75,Avg_OffRatingMean,1.561466932296753
margin_q75,Diff_Last5WinPct,1.5414633750915527
margin_q75,Avg_Wins,1.5285484790802002
margin_q75,Diff_HomeWinPct,1.5256158113479614
margin_q75,Avg_WinPct,1.5250511169433594
margin_q75,Avg_MarginStd,1.5192956924438477
margin_q75,Diff_ThreeRateMean,1.507947564125061
margin_q75,Diff_FTPctMean,1.5068023204803467
margin_q75,Avg_NumOTMean,1.498363733291626
margin_q75,Diff_StlMean,1.4752782583236694
margin_q75,Diff_eFGMean,1.4727634191513062
margin_q75,Diff_DefRatingMean,1.4691208600997925
margin_q75,Diff_Last10DefRating,1.4647730588912964
margin_q75,Diff_Last10Margin,1.456809163093567
margin_q75,Avg_Last5Margin,1.4404938220977783
margin_q75,Avg_FG3PctMean,1.4019546508789062
margin_q75,Avg_DefRatingMean,1.3807193040847778
margin_q75,Avg_DRBRateMean,1.3238210678100586
margin_q75,Diff_NumOTMean,1.3221888542175293
margin_q75,Avg_ASTTOVMean,1.3146978616714478
margin_q75,Diff_BlkMean,1.2915195226669312
margin_q75,Diff_Last10NetRating,1.285650372505188
margin_q75,Avg_Last10WinPct,1.1935193538665771
margin_q75,Avg_MasseyBestRank,1.1393241882324219
margin_q75,Diff_ScoreMean,1.09939706325531
margin_q75,Avg_Games,1.051235318183899
margin_q75,Diff_OffRatingMean,1.0489916801452637
margin_q90,Diff_MasseyMeanRank,9.44552993774414
margin_q90,Diff_MasseyWorstRank,5.701428413391113
margin_q90,Diff_MasseyMedianRank,5.263387680053711
margin_q90,Diff_MasseyBestRank,3.4412949085235596
margin_q90,Avg_SOSOppNetRating,2.0540595054626465
margin_q90,Diff_EloPeak,1.9047396183013916
margin_q90,Avg_MasseyMedianRank,1.7084877490997314
margin_q90,Diff_TSMean,1.7075974941253662
margin_q90,Diff_SeedNum,1.6888868808746338
margin_q90,Diff_Last10DefRating,1.6074105501174927
margin_q90,Diff_MasseyStdRank,1.583875298500061
margin_q90,Avg_OppScoreMean,1.5750527381896973
margin_q90,Avg_Last5DefRating,1.5043879747390747
margin_q90,Diff_MarginMean,1.4856088161468506
margin_q90,Avg_NetRatingMean,1.452203392982483
margin_q90,Avg_MasseyWorstRank,1.4296635389328003
margin_q90,Avg_TSMean,1.4269300699234009
margin_q90,Diff_Last10OppScore,1.4072446823120117
margin_q90,Diff_ORBRateMean,1.3689335584640503
margin_q90,Diff_Last5OppScore,1.3534409999847412
margin_q90,Avg_Losses,1.3437206745147705
margin_q90,Avg_Last5Score,1.3356823921203613
margin_q90,Diff_NumOTMean,1.3310903310775757
margin_q90,Diff_TOVRateMean,1.3241257667541504
margin_q90,Diff_EloEnd,1.321380376815796
margin_q90,Avg_AstMean,1.2987244129180908
margin_q90,Diff_NetRatingMean,1.295212984085083
margin_q90,Diff_AwayWinPct,1.295017957687378
margin_q90,Diff_Last10Score,1.287830114364624
margin_q90,Avg_SOSOppWinPct,1.2851111888885498
margin_q90,Diff_ASTTOVMean,1.2849291563034058
margin_q90,Diff_ThreeRateMean,1.272161841392517
margin_q90,Avg_Last5OppScore,1.261206865310669
margin_q90,Diff_WinPct,1.2580028772354126
margin_q90,Avg_HomeWinPct,1.2526212930679321
margin_q90,Avg_FTRateMean,1.2499877214431763
margin_q90,A_SeedNum,1.2242196798324585
margin_q90,Avg_Last5OffRating,1.2209429740905762
margin_q90,Diff_PaceMean,1.2069852352142334
margin_q90,Avg_Last10OppScore,1.206835389137268
margin_q90,Avg_MarginStd,1.2016280889511108
margin_q90,Diff_HomeWinPct,1.1921494007110596
margin_q90,Avg_TOVRateMean,1.1901156902313232
margin_q90,Avg_NeutralWinPct,1.1847400665283203
margin_q90,Diff_FTRateMean,1.1794917583465576
margin_q90,Avg_NeutralGamePct,1.1648588180541992
margin_q90,Avg_EloEnd,1.1596816778182983
margin_q90,Avg_PFMean,1.1523703336715698
margin_q90,Avg_ORBRateMean,1.1508090496063232
margin_q90,Diff_PFMean,1.1359071731567383
margin_q90,Avg_PaceMean,1.134494662284851
margin_q90,Avg_MasseyStdRank,1.1279562711715698
margin_q90,Diff_NeutralGamePct,1.1268500089645386
margin_q90,Diff_SOSOppNetRating,1.1184583902359009
margin_q90,Diff_Last10NetRating,1.0867284536361694
margin_q90,Diff_Last10Margin,1.0651824474334717
margin_q90,Avg_OffRatingMean,1.061071515083313
margin_q90,Avg_MasseyMeanRank,1.05939519405365
margin_q90,Diff_NeutralWinPct,1.0548454523086548
margin_q90,Diff_FTPctMean,1.0479000806808472
margin_q90,Avg_Last10Score,1.0270397663116455
margin_q90,Avg_ASTTOVMean,1.0148978233337402
margin_q90,Diff_DefRatingMean,1.006463885307312
margin_q90,Avg_TRBRateMean,1.0053048133850098
margin_q90,Avg_OppFG3PctMean,0.9994378685951233
margin_q90,Avg_MarginMean,0.9959532618522644
margin_q90,Avg_OppeFGMean,0.9928747415542603
margin_q90,Avg_ThreeRateMean,0.9924562573432922
margin_q90,Avg_Games,0.9853079319000244
margin_q90,Diff_FG3PctMean,0.9821950793266296
margin_q90,Diff_StlMean,0.979595959186554
margin_q90,Avg_Last10OffRating,0.9640300869941711
margin_q90,Avg_FTPctMean,0.9618943333625793
margin_q90,Diff_SOSOppWinPct,0.9595487713813782
margin_q90,Diff_OppFG3PctMean,0.9523395299911499
margin_q90,Avg_FG3PctMean,0.9502537846565247
margin_q90,Avg_MasseyBestRank,0.9331086874008179
margin_q90,Diff_Games,0.9317175149917603
margin_q90,Avg_WinPct,0.9253421425819397
margin_q90,Avg_DefRatingMean,0.9247280359268188
margin_q90,Diff_Last10OffRating,0.9191222190856934
margin_q90,Avg_StlMean,0.9113593697547913
margin_q90,Diff_eFGMean,0.9046339392662048
margin_q90,Diff_OppScoreMean,0.8788458704948425
margin_q90,Diff_Last5Score,0.8763821721076965
margin_q90,B_SeedNum,0.8528318405151367
margin_q90,Diff_AstMean,0.8353891372680664
margin_q90,Avg_ScoreMean,0.8330280780792236
margin_q90,Diff_Last5OffRating,0.827848494052887
margin_q90,Avg_TOMean,0.8266699910163879
margin_q90,Diff_Last5NetRating,0.8215067386627197
margin_q90,Avg_DRBRateMean,0.8073004484176636
margin_q90,Avg_AwayWinPct,0.8055856227874756
margin_q90,Diff_TOMean,0.8028618097305298
margin_q90,Avg_Last5WinPct,0.7819339632987976
margin_q90,Avg_NumOTMean,0.7771127223968506
margin_q90,Diff_Losses,0.7759410738945007
margin_q90,Avg_BlkMean,0.7572203874588013
margin_q90,Avg_Last5NetRating,0.7511261701583862
margin_q90,Avg_Last5Margin,0.7491697669029236
margin_q90,Diff_Last5Margin,0.7384846806526184
margin_q90,Diff_DRBRateMean,0.7091617584228516
margin_q90,Diff_OppeFGMean,0.6994309425354004
margin_q90,Diff_BlkMean,0.6894566416740417
margin_q90,Diff_TRBRateMean,0.673816978931427
margin_q90,Avg_Last10DefRating,0.6649631857872009
margin_q90,Diff_ScoreMean,0.6597462892532349
margin_q90,Diff_OffRatingMean,0.6249057650566101
margin_q90,Avg_Last10WinPct,0.618194580078125
margin_q90,Avg_Last10NetRating,0.6046361923217773
margin_q90,Avg_Wins,0.5614079236984253
margin_q90,Avg_EloPeak,0.5472052693367004
margin_q90,Diff_MarginStd,0.5287749767303467
margin_q90,Diff_Last5DefRating,0.5080134272575378
margin_q90,Diff_MasseySystems,0.376889705657959
margin_q90,Diff_Wins,0.2609826624393463
margin_q90,Avg_Last10Margin,0.18599605560302734
margin_q90,Avg_MasseySystems,0.18265807628631592
total_q10,Avg_NetRatingMean,3.3927361965179443
total_q10,Diff_NetRatingMean,3.29525089263916
total_q10,Avg_ScoreMean,3.0933518409729004
total_q10,Diff_EloEnd,2.823270797729492
total_q10,Avg_Last5WinPct,2.512993812561035
total_q10,Avg_MasseyMeanRank,2.4346530437469482
total_q10,Avg_MasseySystems,2.43019437789917
total_q10,Avg_Last5NetRating,2.2527387142181396
total_q10,Avg_WinPct,2.2131879329681396
total_q10,Avg_Last10OffRating,2.197988748550415
total_q10,Avg_Last10Score,2.1223251819610596
total_q10,Avg_NeutralWinPct,2.119779109954834
total_q10,Avg_PFMean,2.0233285427093506
total_q10,Avg_OppScoreMean,1.978739857673645
total_q10,Avg_EloEnd,1.8785831928253174
total_q10,Avg_AstMean,1.8377443552017212
total_q10,Avg_DRBRateMean,1.7981544733047485
total_q10,Avg_Last5Score,1.7855507135391235
total_q10,Avg_MarginStd,1.7564181089401245
total_q10,Avg_TOMean,1.7187182903289795
total_q10,Avg_HomeWinPct,1.7098551988601685
total_q10,Avg_TOVRateMean,1.7098208665847778
total_q10,Avg_MasseyStdRank,1.7066309452056885
total_q10,Avg_ThreeRateMean,1.7033113241195679
total_q10,Avg_PaceMean,1.6999719142913818
total_q10,Avg_ASTTOVMean,1.6856244802474976
total_q10,Avg_TSMean,1.6710666418075562
total_q10,Avg_Last10OppScore,1.662352204322815
total_q10,Avg_Last5OffRating,1.6272040605545044
total_q10,Avg_Last10Margin,1.6261316537857056
total_q10,Avg_Last5OppScore,1.6084738969802856
total_q10,Avg_BlkMean,1.6072524785995483
total_q10,Avg_OppeFGMean,1.6004334688186646
total_q10,Avg_ORBRateMean,1.5716211795806885
total_q10,Avg_SOSOppNetRating,1.568640112876892
total_q10,Avg_TRBRateMean,1.556655764579773
total_q10,Avg_NumOTMean,1.5437450408935547
total_q10,Avg_SOSOppWinPct,1.4957263469696045
total_q10,Avg_AwayWinPct,1.4842579364776611
total_q10,Avg_FG3PctMean,1.4538865089416504
total_q10,Diff_NeutralGamePct,1.453550934791565
total_q10,Avg_DefRatingMean,1.4196821451187134
total_q10,Avg_OffRatingMean,1.4135017395019531
total_q10,Avg_Last10DefRating,1.406378984451294
total_q10,Avg_StlMean,1.402796745300293
total_q10,Avg_Last10WinPct,1.3893166780471802
total_q10,Avg_FTRateMean,1.3860881328582764
total_q10,Avg_MasseyWorstRank,1.3736302852630615
total_q10,Diff_OppeFGMean,1.3716895580291748
total_q10,Avg_Last5DefRating,1.3712215423583984
total_q10,Avg_Last5Margin,1.3659874200820923
total_q10,Avg_MasseyMedianRank,1.3546448945999146
total_q10,Avg_MarginMean,1.3541783094406128
total_q10,Avg_MasseyBestRank,1.2702523469924927
total_q10,Avg_eFGMean,1.197622537612915
total_q10,Avg_Wins,1.1950136423110962
total_q10,Avg_OppFG3PctMean,1.193509578704834
total_q10,Avg_IsPlayInSeed,1.1726179122924805
total_q10,Avg_SeedNum,1.1555850505828857
total_q10,Avg_FTPctMean,1.1063523292541504
total_q10,Avg_Last10NetRating,1.0943692922592163
total_q10,Diff_TRBRateMean,1.07882559299469
total_q10,Avg_Games,1.0684499740600586
total_q10,Avg_NeutralGamePct,1.0484251976013184
total_q10,Diff_WinPct,1.0130023956298828
total_q10,Diff_ThreeRateMean,0.9972904920578003
total_q10,Avg_Losses,0.9699379801750183
total_q10,Diff_MarginMean,0.9599716067314148
total_q10,Diff_FG3PctMean,0.9548168182373047
total_q10,Avg_EloPeak,0.8953709602355957
total_q10,Diff_OppFG3PctMean,0.826533317565918
total_q10,Diff_OffRatingMean,0.748767614364624
total_q10,Diff_AstMean,0.5776931047439575
total_q10,Diff_DRBRateMean,0.5447347164154053
total_q10,Diff_ScoreMean,0.532838761806488
total_q10,Diff_Games,0.5003403425216675
total_q10,Diff_Losses,0.4929046630859375
total_q10,Diff_TOMean,0.43711015582084656
total_q10,Diff_FTRateMean,0.36611121892929077
total_q10,Diff_ORBRateMean,0.11595471203327179
total_q25,Avg_ScoreMean,8.306404113769531
total_q25,Avg_OppScoreMean,6.653228282928467
total_q25,Avg_PaceMean,4.955002307891846
total_q25,Avg_EloPeak,4.391955852508545
total_q25,Diff_WinPct,3.884673595428467
total_q25,Avg_TSMean,3.84310245513916
total_q25,Avg_Last5NetRating,3.67454195022583
total_q25,Avg_NetRatingMean,3.671234369277954
total_q25,Avg_NumOTMean,3.6461081504821777
total_q25,Avg_Last10Score,3.605541229248047
total_q25,Avg_EloEnd,3.5214312076568604
total_q25,Avg_OppeFGMean,3.474776029586792
total_q25,Avg_Losses,3.4246199131011963
total_q25,Avg_NeutralWinPct,3.3287501335144043
total_q25,Avg_Last10OffRating,3.320528030395508
total_q25,Avg_StlMean,3.2868504524230957
total_q25,Avg_PFMean,3.2277672290802
total_q25,Avg_FG3PctMean,3.1744983196258545
total_q25,Avg_Last10DefRating,3.0819942951202393
total_q25,Avg_MasseyWorstRank,3.054532289505005
total_q25,Avg_OffRatingMean,3.0422420501708984
total_q25,Avg_TOVRateMean,3.0231714248657227
total_q25,Diff_Last10NetRating,3.0075197219848633
total_q25,Avg_DRBRateMean,3.0032572746276855
total_q25,Avg_MasseyBestRank,2.9873993396759033
total_q25,Avg_MasseyMeanRank,2.9564850330352783
total_q25,Diff_DRBRateMean,2.8997862339019775
total_q25,Avg_Last10NetRating,2.8737542629241943
total_q25,Avg_Last5OffRating,2.865387439727783
total_q25,Avg_Last5Score,2.8560550212860107
total_q25,Avg_HomeWinPct,2.8439061641693115
total_q25,Avg_MasseySystems,2.8272292613983154
total_q25,Avg_FTRateMean,2.8231301307678223
total_q25,Avg_MasseyMedianRank,2.8142101764678955
total_q25,Avg_TRBRateMean,2.80791974067688
total_q25,Avg_Last5WinPct,2.8004519939422607
total_q25,Avg_ASTTOVMean,2.797072172164917
total_q25,Avg_SOSOppNetRating,2.7795915603637695
total_q25,Avg_AstMean,2.7441532611846924
total_q25,Avg_MasseyStdRank,2.7083663940429688
total_q25,Avg_Games,2.7024524211883545
total_q25,Avg_TOMean,2.6866774559020996
total_q25,Avg_OppFG3PctMean,2.649085521697998
total_q25,Avg_DefRatingMean,2.644287586212158
total_q25,Diff_AwayWinPct,2.5973310470581055
total_q25,Avg_ThreeRateMean,2.569683074951172
total_q25,Avg_AwayWinPct,2.5541083812713623
total_q25,Avg_Last5DefRating,2.514328718185425
total_q25,Avg_BlkMean,2.5059123039245605
total_q25,Diff_Last10OppScore,2.472085952758789
total_q25,Diff_Last5Margin,2.4718377590179443
total_q25,Avg_Last5Margin,2.4579665660858154
total_q25,Avg_Last5OppScore,2.4422242641448975
total_q25,Avg_Last10OppScore,2.4104251861572266
total_q25,Avg_MarginStd,2.4103550910949707
total_q25,Avg_FTPctMean,2.373669147491455
total_q25,Avg_ORBRateMean,2.3046414852142334
total_q25,Diff_Last5WinPct,2.28037166595459
total_q25,Avg_SOSOppWinPct,2.277017116546631
total_q25,Avg_Last10Margin,2.2689096927642822
total_q25,Diff_NeutralGamePct,2.2473602294921875
total_q25,Avg_NeutralGamePct,2.189455509185791
total_q25,Avg_MarginMean,2.161005973815918
total_q25,Avg_Wins,2.1413381099700928
total_q25,Avg_WinPct,2.09098482131958
total_q25,Avg_eFGMean,2.0638957023620605
total_q25,Diff_Last5OppScore,2.0043411254882812
total_q25,Diff_BlkMean,1.9522895812988281
total_q25,Avg_Last10WinPct,1.9522433280944824
total_q25,Diff_OppFG3PctMean,1.914499282836914
total_q25,Diff_MasseyBestRank,1.8265047073364258
total_q25,Diff_PaceMean,1.7328115701675415
total_q25,Diff_ORBRateMean,1.6368982791900635
total_q25,Diff_FG3PctMean,1.5788917541503906
total_q25,Diff_MarginStd,1.5053521394729614
total_q25,Diff_PFMean,1.5005033016204834
total_q25,Diff_DefRatingMean,1.4856761693954468
total_q25,Diff_SOSOppNetRating,1.3260202407836914
total_q25,Diff_TRBRateMean,1.3173446655273438
total_q25,Diff_Last5DefRating,1.2998238801956177
total_q25,Diff_ThreeRateMean,1.130960464477539
total_q25,Diff_Games,0.587259829044342
total_q25,Diff_OffRatingMean,0.4465341567993164
total_q25,Diff_FTPctMean,0.204104483127594
total_q25,Diff_ScoreMean,0.19218869507312775
total_q25,Diff_OppScoreMean,0.15605011582374573
total_q50,Avg_PaceMean,14.06785774230957
total_q50,Avg_ScoreMean,9.669416427612305
total_q50,Avg_OppScoreMean,8.000652313232422
total_q50,Avg_MasseyMedianRank,5.128625392913818
total_q50,Avg_Last10Score,4.986098766326904
total_q50,Avg_OffRatingMean,4.673328399658203
total_q50,Avg_Losses,4.630833148956299
total_q50,Avg_Last10NetRating,4.612375736236572
total_q50,Avg_SeedNum,4.591066837310791
total_q50,Avg_Last5Score,4.492316722869873
total_q50,Avg_EloPeak,4.41272497177124
total_q50,Avg_NetRatingMean,4.391257286071777
total_q50,Avg_NeutralWinPct,4.370319843292236
total_q50,Avg_WinPct,4.289453506469727
total_q50,Avg_SOSOppNetRating,4.110488414764404
total_q50,Avg_MasseyBestRank,4.104394435882568
total_q50,Avg_ASTTOVMean,4.05967378616333
total_q50,Avg_SOSOppWinPct,4.0178937911987305
total_q50,Avg_EloEnd,4.01573371887207
total_q50,Avg_TOMean,4.015293121337891
total_q50,Avg_FG3PctMean,3.943882703781128
total_q50,Avg_FTRateMean,3.863755941390991
total_q50,Avg_ORBRateMean,3.8417294025421143
total_q50,Avg_ThreeRateMean,3.8225841522216797
total_q50,Avg_Last5NetRating,3.7659382820129395
total_q50,Avg_TSMean,3.746094226837158
total_q50,Avg_Last10DefRating,3.7432777881622314
total_q50,Avg_DRBRateMean,3.723630428314209
total_q50,Avg_Last5DefRating,3.668858766555786
total_q50,Avg_HomeWinPct,3.6065547466278076
total_q50,Avg_FTPctMean,3.6033482551574707
total_q50,Avg_BlkMean,3.5938315391540527
total_q50,Avg_AwayWinPct,3.571049451828003
total_q50,Avg_MasseyWorstRank,3.555633306503296
total_q50,Avg_Last10OffRating,3.5365917682647705
total_q50,Avg_Last5OffRating,3.525892496109009
total_q50,Avg_NumOTMean,3.517789840698242
total_q50,Avg_OppFG3PctMean,3.4924352169036865
total_q50,Avg_AstMean,3.4822957515716553
total_q50,Avg_PFMean,3.468693971633911
total_q50,Avg_Last10OppScore,3.4482100009918213
total_q50,Avg_TOVRateMean,3.4206948280334473
total_q50,Avg_MarginStd,3.4188411235809326
total_q50,Avg_MasseySystems,3.4156477451324463
total_q50,Avg_NeutralGamePct,3.3924548625946045
total_q50,Avg_Last5OppScore,3.3842809200286865
total_q50,Avg_TRBRateMean,3.347593069076538
total_q50,Avg_Games,3.3213775157928467
total_q50,Diff_Last5Margin,3.2601206302642822
total_q50,Avg_OppeFGMean,3.1909921169281006
total_q50,Avg_MarginMean,3.173358201980591
total_q50,Avg_DefRatingMean,3.1646859645843506
total_q50,Avg_MasseyMeanRank,3.083153486251831
total_q50,Avg_Last5WinPct,3.074357271194458
total_q50,Avg_StlMean,2.9833133220672607
total_q50,Avg_Last5Margin,2.9546046257019043
total_q50,Avg_Last10Margin,2.940742254257202
total_q50,Avg_MasseyStdRank,2.8462774753570557
total_q50,Diff_SOSOppWinPct,2.8453245162963867
total_q50,Avg_eFGMean,2.7641634941101074
total_q50,Diff_FTRateMean,2.7225589752197266
total_q50,Diff_NumOTMean,2.663975238800049
total_q50,Diff_MarginMean,2.5995988845825195
total_q50,Diff_AwayWinPct,2.491082191467285
total_q50,Diff_PaceMean,2.3142223358154297
total_q50,Avg_Last10WinPct,2.2668614387512207
total_q50,Diff_DRBRateMean,1.995226502418518
total_q50,Diff_OppFG3PctMean,1.8955836296081543
total_q50,Diff_Last10DefRating,1.8839410543441772
total_q50,Diff_Last5Score,1.771307349205017
total_q50,Diff_NeutralGamePct,1.6847686767578125
total_q50,Diff_ScoreMean,1.6757631301879883
total_q50,Avg_Wins,1.5560705661773682
total_q50,Diff_TRBRateMean,1.3848273754119873
total_q50,Diff_Last5NetRating,1.2706613540649414
total_q50,Diff_Wins,1.24614679813385
total_q50,Diff_WinPct,1.1385421752929688
total_q50,Diff_MasseyBestRank,0.7133007049560547
total_q50,Diff_HomeWinPct,0.7007651329040527
total_q50,Diff_FTPctMean,0.4846137762069702
total_q50,Diff_Last10NetRating,0.39500975608825684
total_q50,Diff_ORBRateMean,0.35001951456069946
total_q50,Diff_StlMean,0.051583290100097656
total_q75,Avg_OppScoreMean,7.510092735290527
total_q75,Avg_ScoreMean,7.266754150390625
total_q75,Avg_PaceMean,5.292450428009033
total_q75,Avg_Last10OppScore,5.012698650360107
total_q75,Avg_SeedNum,4.673059940338135
total_q75,Avg_EloPeak,4.00160026550293
total_q75,Avg_Last5NetRating,3.959028720855713
total_q75,Avg_DRBRateMean,3.6675515174865723
total_q75,Avg_NeutralWinPct,3.6181297302246094
total_q75,Avg_NumOTMean,3.592158794403076
total_q75,Avg_MasseyBestRank,3.4128527641296387
total_q75,Avg_TSMean,3.368351459503174
total_q75,Avg_MasseyMedianRank,3.357668876647949
total_q75,Avg_Last5Score,3.322148561477661
total_q75,Avg_MasseyStdRank,3.3124923706054688
total_q75,Avg_Last10OffRating,3.2981178760528564
total_q75,Avg_Last5Margin,3.279128313064575
total_q75,Avg_ThreeRateMean,3.2414743900299072
total_q75,Avg_PFMean,3.166473388671875
total_q75,Avg_MasseySystems,3.1539132595062256
total_q75,Avg_MasseyMeanRank,3.106423854827881
total_q75,Avg_MasseyWorstRank,3.0893020629882812
total_q75,Avg_Last5OppScore,3.0592117309570312
total_q75,Avg_TOMean,3.0427868366241455
total_q75,Avg_AwayWinPct,3.021515369415283
total_q75,Avg_FG3PctMean,3.0086143016815186
total_q75,Avg_StlMean,2.9916510581970215
total_q75,Avg_NeutralGamePct,2.9693942070007324
total_q75,Avg_BlkMean,2.950762987136841
total_q75,Avg_SOSOppWinPct,2.9488048553466797
total_q75,Avg_SOSOppNetRating,2.907811403274536
total_q75,Avg_MarginStd,2.8474197387695312
total_q75,Avg_Last10WinPct,2.8356053829193115
total_q75,Avg_Last10Score,2.830617666244507
total_q75,Avg_NetRatingMean,2.8178393840789795
total_q75,Avg_FTRateMean,2.7999789714813232
total_q75,Avg_WinPct,2.7609901428222656
total_q75,Avg_EloEnd,2.7588043212890625
total_q75,Avg_Last5OffRating,2.7414357662200928
total_q75,Avg_Last5DefRating,2.736830234527588
total_q75,Avg_ASTTOVMean,2.721750020980835
total_q75,Avg_FTPctMean,2.721118688583374
total_q75,Avg_OppeFGMean,2.7163331508636475
total_q75,Avg_ORBRateMean,2.683405637741089
total_q75,Diff_EloPeak,2.658336639404297
total_q75,Avg_AstMean,2.6582884788513184
total_q75,Avg_Last10DefRating,2.5514414310455322
total_q75,Avg_HomeWinPct,2.5443050861358643
total_q75,Diff_Last10DefRating,2.4828717708587646
total_q75,Avg_DefRatingMean,2.4643304347991943
total_q75,Avg_OffRatingMean,2.450800657272339
total_q75,Avg_MarginMean,2.4065239429473877
total_q75,Avg_Games,2.387340545654297
total_q75,Diff_NumOTMean,2.3307833671569824
total_q75,Avg_eFGMean,2.303637742996216
total_q75,Avg_Last10NetRating,2.3028502464294434
total_q75,Avg_TOVRateMean,2.299325466156006
total_q75,Avg_TRBRateMean,2.2117867469787598
total_q75,Avg_OppFG3PctMean,2.1902196407318115
total_q75,Diff_DefRatingMean,2.1519899368286133
total_q75,Diff_Last10Margin,2.0962085723876953
total_q75,Diff_EloEnd,2.015932559967041
total_q75,Avg_Last10Margin,2.009371519088745
total_q75,Diff_TOMean,2.0049095153808594
total_q75,Diff_PFMean,1.9494343996047974
total_q75,Avg_Last5WinPct,1.8855797052383423
total_q75,Diff_TRBRateMean,1.8770817518234253
total_q75,Diff_TOVRateMean,1.8419907093048096
total_q75,Diff_MarginStd,1.783211350440979
total_q75,Avg_Losses,1.6368310451507568
total_q75,Avg_Wins,1.6045308113098145
total_q75,Diff_Last5DefRating,1.5193326473236084
total_q75,Diff_Last10OffRating,0.9323487281799316
total_q75,Diff_NeutralGamePct,0.8641599416732788
total_q75,Diff_eFGMean,0.837792158126831
total_q75,Diff_MarginMean,0.7898784875869751
total_q75,Diff_DRBRateMean,0.7565290927886963
total_q75,Diff_OppeFGMean,0.7546138763427734
total_q75,Diff_Last5NetRating,0.656567394733429
total_q75,Diff_Last5Margin,0.6010434627532959
total_q75,Diff_Last10WinPct,0.5377054214477539
total_q75,Diff_TSMean,0.46090102195739746
total_q75,Diff_FG3PctMean,0.4433208703994751
total_q75,Diff_OppFG3PctMean,0.4424992799758911
total_q75,Diff_ScoreMean,0.42025017738342285
total_q75,Diff_Wins,0.3931550085544586
total_q75,Diff_ASTTOVMean,0.21531128883361816
total_q75,Diff_Last5OffRating,0.2138369083404541
total_q75,Diff_ORBRateMean,0.20959949493408203
total_q75,Diff_ThreeRateMean,0.20837903022766113
total_q75,Diff_FTPctMean,0.18642902374267578
total_q75,Diff_Games,0.09789563715457916
total_q90,Avg_MasseyMeanRank,3.2029166221618652
total_q90,Avg_Last10NetRating,2.969181537628174
total_q90,Avg_Losses,2.764188528060913
total_q90,Avg_PFMean,2.544499397277832
total_q90,Avg_PaceMean,2.424175500869751
total_q90,Avg_Last5WinPct,2.316420793533325
total_q90,Avg_EloEnd,2.188626527786255
total_q90,Avg_ASTTOVMean,2.1382369995117188
total_q90,Avg_Last5Score,2.1349527835845947
total_q90,Avg_TOVRateMean,2.1157054901123047
total_q90,Avg_MasseyWorstRank,2.005366086959839
total_q90,Avg_MasseyBestRank,1.969045639038086
total_q90,Avg_AstMean,1.9634606838226318
total_q90,Avg_OppeFGMean,1.9456323385238647
total_q90,Avg_OppScoreMean,1.923839807510376
total_q90,Avg_Last10OppScore,1.893208384513855
total_q90,Avg_eFGMean,1.8454259634017944
total_q90,Avg_EloPeak,1.8225135803222656
total_q90,Avg_HomeWinPct,1.8087912797927856
total_q90,Avg_ORBRateMean,1.8049640655517578
total_q90,Avg_Last5Margin,1.8043588399887085
total_q90,Avg_Last10DefRating,1.7964836359024048
total_q90,Avg_OffRatingMean,1.7837717533111572
total_q90,Avg_OppFG3PctMean,1.7831867933273315
total_q90,Avg_MarginMean,1.753421425819397
total_q90,Avg_NumOTMean,1.75152587890625
total_q90,Avg_Last5NetRating,1.7427538633346558
total_q90,Avg_Games,1.727891206741333
total_q90,Avg_AwayWinPct,1.7242182493209839
total_q90,Avg_FTPctMean,1.7002530097961426
total_q90,Avg_MasseySystems,1.6807036399841309
total_q90,Avg_IsPlayInSeed,1.6501024961471558
total_q90,Avg_WinPct,1.6385669708251953
total_q90,Avg_NetRatingMean,1.6253076791763306
total_q90,Avg_DefRatingMean,1.6218277215957642
total_q90,Avg_Last5OppScore,1.611233115196228
total_q90,Avg_NeutralWinPct,1.6013438701629639
total_q90,Avg_TOMean,1.5889877080917358
total_q90,Avg_ScoreMean,1.5791816711425781
total_q90,Diff_AwayWinPct,1.5772145986557007
total_q90,Avg_Last10Score,1.5756300687789917
total_q90,Avg_ThreeRateMean,1.5665251016616821
total_q90,Avg_FTRateMean,1.5561625957489014
total_q90,Avg_MarginStd,1.5419964790344238
total_q90,Avg_TSMean,1.5331318378448486
total_q90,Avg_SOSOppWinPct,1.5321582555770874
total_q90,Avg_Last10WinPct,1.519097924232483
total_q90,Avg_SOSOppNetRating,1.4978820085525513
total_q90,Avg_Wins,1.4793636798858643
total_q90,Avg_MasseyStdRank,1.4788025617599487
total_q90,Avg_BlkMean,1.469494342803955
total_q90,Avg_FG3PctMean,1.4629359245300293
total_q90,Avg_NeutralGamePct,1.4501512050628662
total_q90,Diff_Last5NetRating,1.4421885013580322
total_q90,Avg_Last5OffRating,1.4099515676498413
total_q90,Avg_StlMean,1.407705307006836
total_q90,Avg_MasseyMedianRank,1.3828588724136353
total_q90,Avg_Last10OffRating,1.3584234714508057
total_q90,Avg_TRBRateMean,1.2814104557037354
total_q90,Avg_DRBRateMean,1.2344586849212646
total_q90,Avg_SeedNum,1.214358925819397
total_q90,Diff_MarginMean,1.1952790021896362
total_q90,Diff_Last5OppScore,1.1301612854003906
total_q90,Diff_Last10OffRating,1.1301612854003906
total_q90,Diff_AstMean,1.0722033977508545
total_q90,Diff_Last10OppScore,1.0240488052368164
total_q90,Avg_Last10Margin,0.9677104949951172
total_q90,Diff_MasseyStdRank,0.9333841800689697
total_q90,Diff_Last5OffRating,0.9081652164459229
total_q90,Diff_SOSOppWinPct,0.8910956382751465
total_q90,Diff_MasseyWorstRank,0.8835902810096741
total_q90,Diff_NeutralGamePct,0.8815310597419739
total_q90,Diff_EloPeak,0.8406057357788086
total_q90,Diff_NumOTMean,0.8267166614532471
total_q90,Diff_DefRatingMean,0.818013608455658
total_q90,Diff_MarginStd,0.7889728546142578
total_q90,Diff_PFMean,0.7666893005371094
total_q90,Diff_SOSOppNetRating,0.7599589228630066
total_q90,Diff_TOVRateMean,0.750462532043457
total_q90,Diff_BlkMean,0.747169017791748
total_q90,Diff_ORBRateMean,0.6968419551849365
total_q90,Avg_Last5DefRating,0.6546379327774048
total_q90,Diff_NeutralWinPct,0.5754673480987549
total_q90,Diff_Last10DefRating,0.5522835850715637
total_q90,Diff_OppeFGMean,0.48667556047439575
total_q90,Diff_DRBRateMean,0.4601423740386963
total_q90,Diff_StlMean,0.4252554476261139
total_q90,Diff_FTPctMean,0.40328484773635864
total_q90,Diff_HomeWinPct,0.34544312953948975
total_q90,Diff_MasseyMedianRank,0.28569406270980835
total_q90,Diff_Last5DefRating,0.16005754470825195
total_q90,Diff_FG3PctMean,0.1189587265253067
total_q90,Diff_Wins,0.06866306066513062
